model,test_accuracy,recall_dance,recall_sing,config
knn,0.993963782696177,0.9922178988326849,0.9958333333333333,"{""k"": 1}"
svm,0.993963782696177,0.9961089494163424,0.9916666666666667,"{""kernel"": ""rbf"", ""C"": 10.0, ""gamma"": ""scale""}"
