{
  "mean": [
    -56.79522141200837,
    -1.8128291716074993,
    -1.1984874061812218,
    0.3007693456673681,
    -0.6268269107427754,
    -1.0608528302430626,
    -1.4917598855289633,
    -0.6103319755223872,
    -0.33889843419757176,
    -0.14651894294259887,
    -0.20972306758824644,
    0.030771335931250383,
    -0.5085413952294172,
    15.749676406507433,
    7.675801695260585,
    3.4843111776760365,
    2.451354929786214,
    1.8844741377166303,
    1.5129623111964758,
    1.2979011238240898,
    1.3775988383501334,
    1.3823266023162002,
    1.2951567568303146,
    1.0216552190745942,
    1.029642212911356,
    0.8892860354975702,
    0.6961831823765859,
    0.4185075437180067,
    0.47903066767639096,
    0.5079703242204582,
    0.531506692123899,
    0.48144862361628904,
    0.48524962293382023,
    0.43308805568028036,
    0.22219347590004557,
    0.11273670450181254,
    0.048100110256692044,
    -0.08771920771039868,
    -0.19372726002177554,
    -0.20009320364791122,
    -0.2114476342426551,
    -0.18469395285052115,
    -0.07254341696321252,
    0.10823552437095657,
    0.16870853716068032,
    0.2305729116675959,
    0.3045889823963738
  ],
  "std": [
    5.956688083592748,
    2.5737460511218613,
    1.5978162009712018,
    1.1112562969087565,
    1.0310689432059987,
    1.0581440516931102,
    0.7133618558777022,
    0.7011960629191041,
    0.6332992711414035,
    0.7003283036629108,
    0.48031234146855434,
    0.6251160988445448,
    0.5010807549197692,
    4.722754239196804,
    2.010369964784778,
    0.9869779953933111,
    0.7759039678372484,
    0.4951764610646183,
    0.42877519885409293,
    0.34699461033394075,
    0.3519645107862476,
    0.348021985424285,
    0.38992036564188287,
    0.26671493426150367,
    0.2959939552927864,
    0.21348014346896813,
    0.10674370452198287,
    0.9618831311320831,
    1.4021183229261267,
    1.2344455042921887,
    1.2238429851703438,
    1.164305147835233,
    1.1108410453536062,
    1.08866276472177,
    0.9207917431009629,
    0.9058202559566457,
    0.833961201075696,
    0.7056182557826949,
    0.6241565126021866,
    0.63906471847918,
    0.6652170458463863,
    0.6480423069909877,
    0.8068065405713579,
    0.9164081913665131,
    0.9956152957018318,
    0.9889655176547685,
    1.218143489805719
  ]
}
