k,accuracy,macro_precision,macro_recall,macro_f1,weighted_precision,weighted_recall,weighted_f1
1,1.0,1.0,1.0,1.0,1.0,1.0,1.0
3,1.0,1.0,1.0,1.0,1.0,1.0,1.0
5,0.9166666666666666,0.9333333333333332,0.9166666666666666,0.9153439153439153,0.9333333333333332,0.9166666666666666,0.9153439153439153
7,1.0,1.0,1.0,1.0,1.0,1.0,1.0
