label,precision,recall,f1,support
dance,0.99609375,0.9922178988326849,0.9941520467836258,257
sing,0.991701244813278,0.9958333333333333,0.9937629937629938,240
