k,accuracy,macro_precision,macro_recall,macro_f1,weighted_precision,weighted_recall,weighted_f1
1,0.993963782696177,0.993897497406639,0.9940256160830091,0.9939575202733097,0.9939726207347821,0.993963782696177,0.9939641740976063
3,0.9879275653923542,0.9879134241245137,0.9879134241245137,0.9879134241245137,0.9879275653923542,0.9879275653923542,0.9879275653923542
5,0.9859154929577465,0.9859719113878889,0.9858300907911803,0.9858969941423272,0.9859214317398667,0.9859154929577465,0.9859144652457787
7,0.9818913480885312,0.9819418766825597,0.9818012321660181,0.9818675638972778,0.9818966668879026,0.9818913480885312,0.9818900267445726
9,0.9818913480885312,0.9819418766825597,0.9818012321660181,0.9818675638972778,0.9818966668879026,0.9818913480885312,0.9818900267445726
11,0.9778672032193159,0.9779118419772307,0.977772373540856,0.9778381336522286,0.9778719020359385,0.9778672032193159,0.9778655882433667
